INPUT_SENTENCE,NAME,SENTENCES,INTELLIGIBILITY_SCORE
t1,P1_W1_S5,Test2,0.4
t2,P1_W1_S3,Test6,0.5714285714285714
t3,P1_W1_S2,Test1123,0.4
t4,P1_W1_S6,Test5,0.5714285714285714
t5,P1_W1_S1,Test3234,0.5714285714285714
t6,P1_W1_S4,Test4,0.5714285714285714
